tile_id,row,col,theta_deg,u_origin,v_origin,valid_frac,features_path,label_path,background_px,rock_px,shallow_rock_px,sand_px
polygon1_r000_c000,0,0,-30.965,-1281970.4702737844,3473257.385351975,0.9955,outputs\polygon1\t128m_o50pct_r1m_rot\tiles\features\polygon1_r000_c000.tif,outputs\polygon1\t128m_o50pct_r1m_rot\tiles\labels\polygon1_r000_c000.tif,62,0,14078,2244
polygon1_r000_c001,0,1,-30.965,-1281906.4702737844,3473257.385351975,1.0,outputs\polygon1\t128m_o50pct_r1m_rot\tiles\features\polygon1_r000_c001.tif,outputs\polygon1\t128m_o50pct_r1m_rot\tiles\labels\polygon1_r000_c001.tif,590,0,15794,0
polygon1_r000_c002,0,2,-30.965,-1281842.4702737844,3473257.385351975,1.0,outputs\polygon1\t128m_o50pct_r1m_rot\tiles\features\polygon1_r000_c002.tif,outputs\polygon1\t128m_o50pct_r1m_rot\tiles\labels\polygon1_r000_c002.tif,2268,0,14116,0
polygon1_r000_c003,0,3,-30.965,-1281778.4702737844,3473257.385351975,1.0,outputs\polygon1\t128m_o50pct_r1m_rot\tiles\features\polygon1_r000_c003.tif,outputs\polygon1\t128m_o50pct_r1m_rot\tiles\labels\polygon1_r000_c003.tif,2454,0,13930,0
polygon1_r000_c004,0,4,-30.965,-1281714.4702737844,3473257.385351975,1.0,outputs\polygon1\t128m_o50pct_r1m_rot\tiles\features\polygon1_r000_c004.tif,outputs\polygon1\t128m_o50pct_r1m_rot\tiles\labels\polygon1_r000_c004.tif,2764,0,13620,0
polygon1_r000_c005,0,5,-30.965,-1281650.4702737844,3473257.385351975,1.0,outputs\polygon1\t128m_o50pct_r1m_rot\tiles\features\polygon1_r000_c005.tif,outputs\polygon1\t128m_o50pct_r1m_rot\tiles\labels\polygon1_r000_c005.tif,2781,0,13603,0
polygon1_r000_c006,0,6,-30.965,-1281586.4702737844,3473257.385351975,1.0,outputs\polygon1\t128m_o50pct_r1m_rot\tiles\features\polygon1_r000_c006.tif,outputs\polygon1\t128m_o50pct_r1m_rot\tiles\labels\polygon1_r000_c006.tif,811,0,15029,544
polygon1_r000_c007,0,7,-30.965,-1281522.4702737844,3473257.385351975,1.0,outputs\polygon1\t128m_o50pct_r1m_rot\tiles\features\polygon1_r000_c007.tif,outputs\polygon1\t128m_o50pct_r1m_rot\tiles\labels\polygon1_r000_c007.tif,23,46,8434,7881
polygon1_r000_c008,0,8,-30.965,-1281458.4702737844,3473257.385351975,1.0,outputs\polygon1\t128m_o50pct_r1m_rot\tiles\features\polygon1_r000_c008.tif,outputs\polygon1\t128m_o50pct_r1m_rot\tiles\labels\polygon1_r000_c008.tif,178,6418,804,8984
polygon1_r000_c009,0,9,-30.965,-1281394.4702737844,3473257.385351975,0.9996,outputs\polygon1\t128m_o50pct_r1m_rot\tiles\features\polygon1_r000_c009.tif,outputs\polygon1\t128m_o50pct_r1m_rot\tiles\labels\polygon1_r000_c009.tif,339,14398,0,1647
polygon1_r000_c010,0,10,-30.965,-1281330.4702737844,3473257.385351975,0.9927,outputs\polygon1\t128m_o50pct_r1m_rot\tiles\features\polygon1_r000_c010.tif,outputs\polygon1\t128m_o50pct_r1m_rot\tiles\labels\polygon1_r000_c010.tif,470,15914,0,0
polygon1_r000_c011,0,11,-30.965,-1281266.4702737844,3473257.385351975,0.9783,outputs\polygon1\t128m_o50pct_r1m_rot\tiles\features\polygon1_r000_c011.tif,outputs\polygon1\t128m_o50pct_r1m_rot\tiles\labels\polygon1_r000_c011.tif,1096,12247,1139,1902
polygon1_r000_c012,0,12,-30.965,-1281202.4702737844,3473257.385351975,0.9623,outputs\polygon1\t128m_o50pct_r1m_rot\tiles\features\polygon1_r000_c012.tif,outputs\polygon1\t128m_o50pct_r1m_rot\tiles\labels\polygon1_r000_c012.tif,1571,4382,5344,5087
polygon1_r000_c013,0,13,-30.965,-1281138.4702737844,3473257.385351975,0.946,outputs\polygon1\t128m_o50pct_r1m_rot\tiles\features\polygon1_r000_c013.tif,outputs\polygon1\t128m_o50pct_r1m_rot\tiles\labels\polygon1_r000_c013.tif,1507,6939,4572,3366
polygon1_r001_c000,1,0,-30.965,-1281970.4702737844,3473193.385351975,0.9871,outputs\polygon1\t128m_o50pct_r1m_rot\tiles\features\polygon1_r001_c000.tif,outputs\polygon1\t128m_o50pct_r1m_rot\tiles\labels\polygon1_r001_c000.tif,198,0,13258,2928
polygon1_r001_c001,1,1,-30.965,-1281906.4702737844,3473193.385351975,1.0,outputs\polygon1\t128m_o50pct_r1m_rot\tiles\features\polygon1_r001_c001.tif,outputs\polygon1\t128m_o50pct_r1m_rot\tiles\labels\polygon1_r001_c001.tif,387,0,15997,0
polygon1_r001_c002,1,2,-30.965,-1281842.4702737844,3473193.385351975,1.0,outputs\polygon1\t128m_o50pct_r1m_rot\tiles\features\polygon1_r001_c002.tif,outputs\polygon1\t128m_o50pct_r1m_rot\tiles\labels\polygon1_r001_c002.tif,2251,0,14133,0
polygon1_r001_c003,1,3,-30.965,-1281778.4702737844,3473193.385351975,1.0,outputs\polygon1\t128m_o50pct_r1m_rot\tiles\features\polygon1_r001_c003.tif,outputs\polygon1\t128m_o50pct_r1m_rot\tiles\labels\polygon1_r001_c003.tif,1864,0,14520,0
polygon1_r001_c004,1,4,-30.965,-1281714.4702737844,3473193.385351975,1.0,outputs\polygon1\t128m_o50pct_r1m_rot\tiles\features\polygon1_r001_c004.tif,outputs\polygon1\t128m_o50pct_r1m_rot\tiles\labels\polygon1_r001_c004.tif,0,0,16384,0
polygon1_r001_c005,1,5,-30.965,-1281650.4702737844,3473193.385351975,1.0,outputs\polygon1\t128m_o50pct_r1m_rot\tiles\features\polygon1_r001_c005.tif,outputs\polygon1\t128m_o50pct_r1m_rot\tiles\labels\polygon1_r001_c005.tif,0,0,16384,0
polygon1_r001_c006,1,6,-30.965,-1281586.4702737844,3473193.385351975,1.0,outputs\polygon1\t128m_o50pct_r1m_rot\tiles\features\polygon1_r001_c006.tif,outputs\polygon1\t128m_o50pct_r1m_rot\tiles\labels\polygon1_r001_c006.tif,2,23,14670,1689
polygon1_r001_c007,1,7,-30.965,-1281522.4702737844,3473193.385351975,1.0,outputs\polygon1\t128m_o50pct_r1m_rot\tiles\features\polygon1_r001_c007.tif,outputs\polygon1\t128m_o50pct_r1m_rot\tiles\labels\polygon1_r001_c007.tif,42,1911,6999,7432
polygon1_r001_c008,1,8,-30.965,-1281458.4702737844,3473193.385351975,1.0,outputs\polygon1\t128m_o50pct_r1m_rot\tiles\features\polygon1_r001_c008.tif,outputs\polygon1\t128m_o50pct_r1m_rot\tiles\labels\polygon1_r001_c008.tif,89,9460,521,6314
polygon1_r001_c009,1,9,-30.965,-1281394.4702737844,3473193.385351975,1.0,outputs\polygon1\t128m_o50pct_r1m_rot\tiles\features\polygon1_r001_c009.tif,outputs\polygon1\t128m_o50pct_r1m_rot\tiles\labels\polygon1_r001_c009.tif,49,15764,0,571
polygon1_r001_c010,1,10,-30.965,-1281330.4702737844,3473193.385351975,1.0,outputs\polygon1\t128m_o50pct_r1m_rot\tiles\features\polygon1_r001_c010.tif,outputs\polygon1\t128m_o50pct_r1m_rot\tiles\labels\polygon1_r001_c010.tif,0,16384,0,0
polygon1_r001_c011,1,11,-30.965,-1281266.4702737844,3473193.385351975,1.0,outputs\polygon1\t128m_o50pct_r1m_rot\tiles\features\polygon1_r001_c011.tif,outputs\polygon1\t128m_o50pct_r1m_rot\tiles\labels\polygon1_r001_c011.tif,285,11737,3489,873
polygon1_r001_c012,1,12,-30.965,-1281202.4702737844,3473193.385351975,1.0,outputs\polygon1\t128m_o50pct_r1m_rot\tiles\features\polygon1_r001_c012.tif,outputs\polygon1\t128m_o50pct_r1m_rot\tiles\labels\polygon1_r001_c012.tif,285,3564,11537,998
polygon1_r001_c013,1,13,-30.965,-1281138.4702737844,3473193.385351975,1.0,outputs\polygon1\t128m_o50pct_r1m_rot\tiles\features\polygon1_r001_c013.tif,outputs\polygon1\t128m_o50pct_r1m_rot\tiles\labels\polygon1_r001_c013.tif,87,5500,9192,1605
polygon1_r002_c000,2,0,-30.965,-1281970.4702737844,3473129.385351975,0.9775,outputs\polygon1\t128m_o50pct_r1m_rot\tiles\features\polygon1_r002_c000.tif,outputs\polygon1\t128m_o50pct_r1m_rot\tiles\labels\polygon1_r002_c000.tif,351,0,14471,1562
polygon1_r002_c001,2,1,-30.965,-1281906.4702737844,3473129.385351975,1.0,outputs\polygon1\t128m_o50pct_r1m_rot\tiles\features\polygon1_r002_c001.tif,outputs\polygon1\t128m_o50pct_r1m_rot\tiles\labels\polygon1_r002_c001.tif,169,0,16215,0
polygon1_r002_c002,2,2,-30.965,-1281842.4702737844,3473129.385351975,1.0,outputs\polygon1\t128m_o50pct_r1m_rot\tiles\features\polygon1_r002_c002.tif,outputs\polygon1\t128m_o50pct_r1m_rot\tiles\labels\polygon1_r002_c002.tif,3210,0,13174,0
polygon1_r002_c003,2,3,-30.965,-1281778.4702737844,3473129.385351975,1.0,outputs\polygon1\t128m_o50pct_r1m_rot\tiles\features\polygon1_r002_c003.tif,outputs\polygon1\t128m_o50pct_r1m_rot\tiles\labels\polygon1_r002_c003.tif,3237,0,13147,0
polygon1_r002_c004,2,4,-30.965,-1281714.4702737844,3473129.385351975,1.0,outputs\polygon1\t128m_o50pct_r1m_rot\tiles\features\polygon1_r002_c004.tif,outputs\polygon1\t128m_o50pct_r1m_rot\tiles\labels\polygon1_r002_c004.tif,196,0,16188,0
polygon1_r002_c005,2,5,-30.965,-1281650.4702737844,3473129.385351975,1.0,outputs\polygon1\t128m_o50pct_r1m_rot\tiles\features\polygon1_r002_c005.tif,outputs\polygon1\t128m_o50pct_r1m_rot\tiles\labels\polygon1_r002_c005.tif,13,0,16369,2
polygon1_r002_c006,2,6,-30.965,-1281586.4702737844,3473129.385351975,1.0,outputs\polygon1\t128m_o50pct_r1m_rot\tiles\features\polygon1_r002_c006.tif,outputs\polygon1\t128m_o50pct_r1m_rot\tiles\labels\polygon1_r002_c006.tif,87,647,11157,4493
polygon1_r002_c007,2,7,-30.965,-1281522.4702737844,3473129.385351975,1.0,outputs\polygon1\t128m_o50pct_r1m_rot\tiles\features\polygon1_r002_c007.tif,outputs\polygon1\t128m_o50pct_r1m_rot\tiles\labels\polygon1_r002_c007.tif,209,4799,2980,8396
polygon1_r002_c008,2,8,-30.965,-1281458.4702737844,3473129.385351975,1.0,outputs\polygon1\t128m_o50pct_r1m_rot\tiles\features\polygon1_r002_c008.tif,outputs\polygon1\t128m_o50pct_r1m_rot\tiles\labels\polygon1_r002_c008.tif,135,12344,0,3905
polygon1_r002_c009,2,9,-30.965,-1281394.4702737844,3473129.385351975,1.0,outputs\polygon1\t128m_o50pct_r1m_rot\tiles\features\polygon1_r002_c009.tif,outputs\polygon1\t128m_o50pct_r1m_rot\tiles\labels\polygon1_r002_c009.tif,0,16384,0,0
polygon1_r002_c010,2,10,-30.965,-1281330.4702737844,3473129.385351975,1.0,outputs\polygon1\t128m_o50pct_r1m_rot\tiles\features\polygon1_r002_c010.tif,outputs\polygon1\t128m_o50pct_r1m_rot\tiles\labels\polygon1_r002_c010.tif,0,16384,0,0
polygon1_r002_c011,2,11,-30.965,-1281266.4702737844,3473129.385351975,1.0,outputs\polygon1\t128m_o50pct_r1m_rot\tiles\features\polygon1_r002_c011.tif,outputs\polygon1\t128m_o50pct_r1m_rot\tiles\labels\polygon1_r002_c011.tif,371,11319,4694,0
polygon1_r002_c012,2,12,-30.965,-1281202.4702737844,3473129.385351975,1.0,outputs\polygon1\t128m_o50pct_r1m_rot\tiles\features\polygon1_r002_c012.tif,outputs\polygon1\t128m_o50pct_r1m_rot\tiles\labels\polygon1_r002_c012.tif,371,3127,12383,503
polygon1_r002_c013,2,13,-30.965,-1281138.4702737844,3473129.385351975,1.0,outputs\polygon1\t128m_o50pct_r1m_rot\tiles\features\polygon1_r002_c013.tif,outputs\polygon1\t128m_o50pct_r1m_rot\tiles\labels\polygon1_r002_c013.tif,100,1862,8511,5911
polygon1_r003_c000,3,0,-30.965,-1281970.4702737844,3473065.385351975,0.9677,outputs\polygon1\t128m_o50pct_r1m_rot\tiles\features\polygon1_r003_c000.tif,outputs\polygon1\t128m_o50pct_r1m_rot\tiles\labels\polygon1_r003_c000.tif,539,0,14365,1480
polygon1_r003_c001,3,1,-30.965,-1281906.4702737844,3473065.385351975,1.0,outputs\polygon1\t128m_o50pct_r1m_rot\tiles\features\polygon1_r003_c001.tif,outputs\polygon1\t128m_o50pct_r1m_rot\tiles\labels\polygon1_r003_c001.tif,0,0,16384,0
polygon1_r003_c002,3,2,-30.965,-1281842.4702737844,3473065.385351975,1.0,outputs\polygon1\t128m_o50pct_r1m_rot\tiles\features\polygon1_r003_c002.tif,outputs\polygon1\t128m_o50pct_r1m_rot\tiles\labels\polygon1_r003_c002.tif,2458,0,13926,0
polygon1_r003_c003,3,3,-30.965,-1281778.4702737844,3473065.385351975,1.0,outputs\polygon1\t128m_o50pct_r1m_rot\tiles\features\polygon1_r003_c003.tif,outputs\polygon1\t128m_o50pct_r1m_rot\tiles\labels\polygon1_r003_c003.tif,2659,0,13725,0
polygon1_r003_c004,3,4,-30.965,-1281714.4702737844,3473065.385351975,1.0,outputs\polygon1\t128m_o50pct_r1m_rot\tiles\features\polygon1_r003_c004.tif,outputs\polygon1\t128m_o50pct_r1m_rot\tiles\labels\polygon1_r003_c004.tif,201,0,16183,0
polygon1_r003_c005,3,5,-30.965,-1281650.4702737844,3473065.385351975,1.0,outputs\polygon1\t128m_o50pct_r1m_rot\tiles\features\polygon1_r003_c005.tif,outputs\polygon1\t128m_o50pct_r1m_rot\tiles\labels\polygon1_r003_c005.tif,13,0,16335,36
polygon1_r003_c006,3,6,-30.965,-1281586.4702737844,3473065.385351975,1.0,outputs\polygon1\t128m_o50pct_r1m_rot\tiles\features\polygon1_r003_c006.tif,outputs\polygon1\t128m_o50pct_r1m_rot\tiles\labels\polygon1_r003_c006.tif,107,951,8737,6589
polygon1_r003_c007,3,7,-30.965,-1281522.4702737844,3473065.385351975,1.0,outputs\polygon1\t128m_o50pct_r1m_rot\tiles\features\polygon1_r003_c007.tif,outputs\polygon1\t128m_o50pct_r1m_rot\tiles\labels\polygon1_r003_c007.tif,205,3557,594,12028
polygon1_r003_c008,3,8,-30.965,-1281458.4702737844,3473065.385351975,1.0,outputs\polygon1\t128m_o50pct_r1m_rot\tiles\features\polygon1_r003_c008.tif,outputs\polygon1\t128m_o50pct_r1m_rot\tiles\labels\polygon1_r003_c008.tif,111,10776,0,5497
polygon1_r003_c009,3,9,-30.965,-1281394.4702737844,3473065.385351975,1.0,outputs\polygon1\t128m_o50pct_r1m_rot\tiles\features\polygon1_r003_c009.tif,outputs\polygon1\t128m_o50pct_r1m_rot\tiles\labels\polygon1_r003_c009.tif,0,16362,0,22
polygon1_r003_c010,3,10,-30.965,-1281330.4702737844,3473065.385351975,1.0,outputs\polygon1\t128m_o50pct_r1m_rot\tiles\features\polygon1_r003_c010.tif,outputs\polygon1\t128m_o50pct_r1m_rot\tiles\labels\polygon1_r003_c010.tif,68,16316,0,0
polygon1_r003_c011,3,11,-30.965,-1281266.4702737844,3473065.385351975,1.0,outputs\polygon1\t128m_o50pct_r1m_rot\tiles\features\polygon1_r003_c011.tif,outputs\polygon1\t128m_o50pct_r1m_rot\tiles\labels\polygon1_r003_c011.tif,1449,10163,4772,0
polygon1_r003_c012,3,12,-30.965,-1281202.4702737844,3473065.385351975,1.0,outputs\polygon1\t128m_o50pct_r1m_rot\tiles\features\polygon1_r003_c012.tif,outputs\polygon1\t128m_o50pct_r1m_rot\tiles\labels\polygon1_r003_c012.tif,1419,2039,10114,2812
polygon1_r003_c013,3,13,-30.965,-1281138.4702737844,3473065.385351975,1.0,outputs\polygon1\t128m_o50pct_r1m_rot\tiles\features\polygon1_r003_c013.tif,outputs\polygon1\t128m_o50pct_r1m_rot\tiles\labels\polygon1_r003_c013.tif,51,2928,5387,8018
polygon1_r004_c000,4,0,-30.965,-1281970.4702737844,3473001.385351975,0.9581,outputs\polygon1\t128m_o50pct_r1m_rot\tiles\features\polygon1_r004_c000.tif,outputs\polygon1\t128m_o50pct_r1m_rot\tiles\labels\polygon1_r004_c000.tif,770,0,14275,1339
polygon1_r004_c001,4,1,-30.965,-1281906.4702737844,3473001.385351975,1.0,outputs\polygon1\t128m_o50pct_r1m_rot\tiles\features\polygon1_r004_c001.tif,outputs\polygon1\t128m_o50pct_r1m_rot\tiles\labels\polygon1_r004_c001.tif,0,0,16384,0
polygon1_r004_c002,4,2,-30.965,-1281842.4702737844,3473001.385351975,1.0,outputs\polygon1\t128m_o50pct_r1m_rot\tiles\features\polygon1_r004_c002.tif,outputs\polygon1\t128m_o50pct_r1m_rot\tiles\labels\polygon1_r004_c002.tif,1047,0,15337,0
polygon1_r004_c003,4,3,-30.965,-1281778.4702737844,3473001.385351975,1.0,outputs\polygon1\t128m_o50pct_r1m_rot\tiles\features\polygon1_r004_c003.tif,outputs\polygon1\t128m_o50pct_r1m_rot\tiles\labels\polygon1_r004_c003.tif,1052,0,15332,0
polygon1_r004_c004,4,4,-30.965,-1281714.4702737844,3473001.385351975,1.0,outputs\polygon1\t128m_o50pct_r1m_rot\tiles\features\polygon1_r004_c004.tif,outputs\polygon1\t128m_o50pct_r1m_rot\tiles\labels\polygon1_r004_c004.tif,5,0,16379,0
polygon1_r004_c005,4,5,-30.965,-1281650.4702737844,3473001.385351975,1.0,outputs\polygon1\t128m_o50pct_r1m_rot\tiles\features\polygon1_r004_c005.tif,outputs\polygon1\t128m_o50pct_r1m_rot\tiles\labels\polygon1_r004_c005.tif,0,0,14757,1627
polygon1_r004_c006,4,6,-30.965,-1281586.4702737844,3473001.385351975,1.0,outputs\polygon1\t128m_o50pct_r1m_rot\tiles\features\polygon1_r004_c006.tif,outputs\polygon1\t128m_o50pct_r1m_rot\tiles\labels\polygon1_r004_c006.tif,22,327,6646,9389
polygon1_r004_c007,4,7,-30.965,-1281522.4702737844,3473001.385351975,1.0,outputs\polygon1\t128m_o50pct_r1m_rot\tiles\features\polygon1_r004_c007.tif,outputs\polygon1\t128m_o50pct_r1m_rot\tiles\labels\polygon1_r004_c007.tif,33,623,81,15647
polygon1_r004_c008,4,8,-30.965,-1281458.4702737844,3473001.385351975,1.0,outputs\polygon1\t128m_o50pct_r1m_rot\tiles\features\polygon1_r004_c008.tif,outputs\polygon1\t128m_o50pct_r1m_rot\tiles\labels\polygon1_r004_c008.tif,60,7673,0,8651
polygon1_r004_c009,4,9,-30.965,-1281394.4702737844,3473001.385351975,1.0,outputs\polygon1\t128m_o50pct_r1m_rot\tiles\features\polygon1_r004_c009.tif,outputs\polygon1\t128m_o50pct_r1m_rot\tiles\labels\polygon1_r004_c009.tif,49,15569,0,766
polygon1_r004_c010,4,10,-30.965,-1281330.4702737844,3473001.385351975,1.0,outputs\polygon1\t128m_o50pct_r1m_rot\tiles\features\polygon1_r004_c010.tif,outputs\polygon1\t128m_o50pct_r1m_rot\tiles\labels\polygon1_r004_c010.tif,69,16315,0,0
polygon1_r004_c011,4,11,-30.965,-1281266.4702737844,3473001.385351975,1.0,outputs\polygon1\t128m_o50pct_r1m_rot\tiles\features\polygon1_r004_c011.tif,outputs\polygon1\t128m_o50pct_r1m_rot\tiles\labels\polygon1_r004_c011.tif,2113,9008,5263,0
polygon1_r004_c012,4,12,-30.965,-1281202.4702737844,3473001.385351975,1.0,outputs\polygon1\t128m_o50pct_r1m_rot\tiles\features\polygon1_r004_c012.tif,outputs\polygon1\t128m_o50pct_r1m_rot\tiles\labels\polygon1_r004_c012.tif,2094,885,8019,5386
polygon1_r004_c013,4,13,-30.965,-1281138.4702737844,3473001.385351975,1.0,outputs\polygon1\t128m_o50pct_r1m_rot\tiles\features\polygon1_r004_c013.tif,outputs\polygon1\t128m_o50pct_r1m_rot\tiles\labels\polygon1_r004_c013.tif,56,5997,2756,7575
polygon1_r005_c000,5,0,-30.965,-1281970.4702737844,3472937.385351975,0.9489,outputs\polygon1\t128m_o50pct_r1m_rot\tiles\features\polygon1_r005_c000.tif,outputs\polygon1\t128m_o50pct_r1m_rot\tiles\labels\polygon1_r005_c000.tif,931,0,13761,1692
polygon1_r005_c001,5,1,-30.965,-1281906.4702737844,3472937.385351975,1.0,outputs\polygon1\t128m_o50pct_r1m_rot\tiles\features\polygon1_r005_c001.tif,outputs\polygon1\t128m_o50pct_r1m_rot\tiles\labels\polygon1_r005_c001.tif,0,0,16384,0
polygon1_r005_c002,5,2,-30.965,-1281842.4702737844,3472937.385351975,1.0,outputs\polygon1\t128m_o50pct_r1m_rot\tiles\features\polygon1_r005_c002.tif,outputs\polygon1\t128m_o50pct_r1m_rot\tiles\labels\polygon1_r005_c002.tif,242,0,16142,0
polygon1_r005_c003,5,3,-30.965,-1281778.4702737844,3472937.385351975,1.0,outputs\polygon1\t128m_o50pct_r1m_rot\tiles\features\polygon1_r005_c003.tif,outputs\polygon1\t128m_o50pct_r1m_rot\tiles\labels\polygon1_r005_c003.tif,242,0,16142,0
polygon1_r005_c004,5,4,-30.965,-1281714.4702737844,3472937.385351975,1.0,outputs\polygon1\t128m_o50pct_r1m_rot\tiles\features\polygon1_r005_c004.tif,outputs\polygon1\t128m_o50pct_r1m_rot\tiles\labels\polygon1_r005_c004.tif,52,0,16293,39
polygon1_r005_c005,5,5,-30.965,-1281650.4702737844,3472937.385351975,1.0,outputs\polygon1\t128m_o50pct_r1m_rot\tiles\features\polygon1_r005_c005.tif,outputs\polygon1\t128m_o50pct_r1m_rot\tiles\labels\polygon1_r005_c005.tif,119,0,10893,5372
polygon1_r005_c006,5,6,-30.965,-1281586.4702737844,3472937.385351975,1.0,outputs\polygon1\t128m_o50pct_r1m_rot\tiles\features\polygon1_r005_c006.tif,outputs\polygon1\t128m_o50pct_r1m_rot\tiles\labels\polygon1_r005_c006.tif,94,0,3224,13066
polygon1_r005_c007,5,7,-30.965,-1281522.4702737844,3472937.385351975,1.0,outputs\polygon1\t128m_o50pct_r1m_rot\tiles\features\polygon1_r005_c007.tif,outputs\polygon1\t128m_o50pct_r1m_rot\tiles\labels\polygon1_r005_c007.tif,27,0,432,15925
polygon1_r005_c008,5,8,-30.965,-1281458.4702737844,3472937.385351975,1.0,outputs\polygon1\t128m_o50pct_r1m_rot\tiles\features\polygon1_r005_c008.tif,outputs\polygon1\t128m_o50pct_r1m_rot\tiles\labels\polygon1_r005_c008.tif,116,6324,0,9944
polygon1_r005_c009,5,9,-30.965,-1281394.4702737844,3472937.385351975,1.0,outputs\polygon1\t128m_o50pct_r1m_rot\tiles\features\polygon1_r005_c009.tif,outputs\polygon1\t128m_o50pct_r1m_rot\tiles\labels\polygon1_r005_c009.tif,116,14516,0,1752
polygon1_r005_c010,5,10,-30.965,-1281330.4702737844,3472937.385351975,1.0,outputs\polygon1\t128m_o50pct_r1m_rot\tiles\features\polygon1_r005_c010.tif,outputs\polygon1\t128m_o50pct_r1m_rot\tiles\labels\polygon1_r005_c010.tif,1,16383,0,0
polygon1_r005_c011,5,11,-30.965,-1281266.4702737844,3472937.385351975,1.0,outputs\polygon1\t128m_o50pct_r1m_rot\tiles\features\polygon1_r005_c011.tif,outputs\polygon1\t128m_o50pct_r1m_rot\tiles\labels\polygon1_r005_c011.tif,1041,9230,6113,0
polygon1_r005_c012,5,12,-30.965,-1281202.4702737844,3472937.385351975,1.0,outputs\polygon1\t128m_o50pct_r1m_rot\tiles\features\polygon1_r005_c012.tif,outputs\polygon1\t128m_o50pct_r1m_rot\tiles\labels\polygon1_r005_c012.tif,1067,1039,7769,6509
polygon1_r005_c013,5,13,-30.965,-1281138.4702737844,3472937.385351975,1.0,outputs\polygon1\t128m_o50pct_r1m_rot\tiles\features\polygon1_r005_c013.tif,outputs\polygon1\t128m_o50pct_r1m_rot\tiles\labels\polygon1_r005_c013.tif,39,3182,1656,11507
polygon1_r006_c000,6,0,-30.965,-1281970.4702737844,3472873.385351975,0.939,outputs\polygon1\t128m_o50pct_r1m_rot\tiles\features\polygon1_r006_c000.tif,outputs\polygon1\t128m_o50pct_r1m_rot\tiles\labels\polygon1_r006_c000.tif,1034,0,12239,3111
polygon1_r006_c001,6,1,-30.965,-1281906.4702737844,3472873.385351975,1.0,outputs\polygon1\t128m_o50pct_r1m_rot\tiles\features\polygon1_r006_c001.tif,outputs\polygon1\t128m_o50pct_r1m_rot\tiles\labels\polygon1_r006_c001.tif,0,0,16384,0
polygon1_r006_c002,6,2,-30.965,-1281842.4702737844,3472873.385351975,1.0,outputs\polygon1\t128m_o50pct_r1m_rot\tiles\features\polygon1_r006_c002.tif,outputs\polygon1\t128m_o50pct_r1m_rot\tiles\labels\polygon1_r006_c002.tif,0,0,16384,0
polygon1_r006_c003,6,3,-30.965,-1281778.4702737844,3472873.385351975,1.0,outputs\polygon1\t128m_o50pct_r1m_rot\tiles\features\polygon1_r006_c003.tif,outputs\polygon1\t128m_o50pct_r1m_rot\tiles\labels\polygon1_r006_c003.tif,0,0,16384,0
polygon1_r006_c004,6,4,-30.965,-1281714.4702737844,3472873.385351975,1.0,outputs\polygon1\t128m_o50pct_r1m_rot\tiles\features\polygon1_r006_c004.tif,outputs\polygon1\t128m_o50pct_r1m_rot\tiles\labels\polygon1_r006_c004.tif,56,0,16289,39
polygon1_r006_c005,6,5,-30.965,-1281650.4702737844,3472873.385351975,1.0,outputs\polygon1\t128m_o50pct_r1m_rot\tiles\features\polygon1_r006_c005.tif,outputs\polygon1\t128m_o50pct_r1m_rot\tiles\labels\polygon1_r006_c005.tif,206,0,9239,6939
polygon1_r006_c006,6,6,-30.965,-1281586.4702737844,3472873.385351975,1.0,outputs\polygon1\t128m_o50pct_r1m_rot\tiles\features\polygon1_r006_c006.tif,outputs\polygon1\t128m_o50pct_r1m_rot\tiles\labels\polygon1_r006_c006.tif,191,0,5577,10616
polygon1_r006_c007,6,7,-30.965,-1281522.4702737844,3472873.385351975,1.0,outputs\polygon1\t128m_o50pct_r1m_rot\tiles\features\polygon1_r006_c007.tif,outputs\polygon1\t128m_o50pct_r1m_rot\tiles\labels\polygon1_r006_c007.tif,139,0,7550,8695
polygon1_r006_c008,6,8,-30.965,-1281458.4702737844,3472873.385351975,1.0,outputs\polygon1\t128m_o50pct_r1m_rot\tiles\features\polygon1_r006_c008.tif,outputs\polygon1\t128m_o50pct_r1m_rot\tiles\labels\polygon1_r006_c008.tif,324,6227,3115,6718
polygon1_r006_c009,6,9,-30.965,-1281394.4702737844,3472873.385351975,1.0,outputs\polygon1\t128m_o50pct_r1m_rot\tiles\features\polygon1_r006_c009.tif,outputs\polygon1\t128m_o50pct_r1m_rot\tiles\labels\polygon1_r006_c009.tif,226,14419,0,1739
polygon1_r006_c010,6,10,-30.965,-1281330.4702737844,3472873.385351975,1.0,outputs\polygon1\t128m_o50pct_r1m_rot\tiles\features\polygon1_r006_c010.tif,outputs\polygon1\t128m_o50pct_r1m_rot\tiles\labels\polygon1_r006_c010.tif,25,16359,0,0
polygon1_r006_c011,6,11,-30.965,-1281266.4702737844,3472873.385351975,1.0,outputs\polygon1\t128m_o50pct_r1m_rot\tiles\features\polygon1_r006_c011.tif,outputs\polygon1\t128m_o50pct_r1m_rot\tiles\labels\polygon1_r006_c011.tif,321,9003,7060,0
polygon1_r006_c012,6,12,-30.965,-1281202.4702737844,3472873.385351975,1.0,outputs\polygon1\t128m_o50pct_r1m_rot\tiles\features\polygon1_r006_c012.tif,outputs\polygon1\t128m_o50pct_r1m_rot\tiles\labels\polygon1_r006_c012.tif,311,836,8086,7151
polygon1_r006_c013,6,13,-30.965,-1281138.4702737844,3472873.385351975,1.0,outputs\polygon1\t128m_o50pct_r1m_rot\tiles\features\polygon1_r006_c013.tif,outputs\polygon1\t128m_o50pct_r1m_rot\tiles\labels\polygon1_r006_c013.tif,21,3,1026,15334
polygon1_r007_c000,7,0,-30.965,-1281970.4702737844,3472809.385351975,0.9291,outputs\polygon1\t128m_o50pct_r1m_rot\tiles\features\polygon1_r007_c000.tif,outputs\polygon1\t128m_o50pct_r1m_rot\tiles\labels\polygon1_r007_c000.tif,1150,0,11712,3522
polygon1_r007_c001,7,1,-30.965,-1281906.4702737844,3472809.385351975,1.0,outputs\polygon1\t128m_o50pct_r1m_rot\tiles\features\polygon1_r007_c001.tif,outputs\polygon1\t128m_o50pct_r1m_rot\tiles\labels\polygon1_r007_c001.tif,0,0,16384,0
polygon1_r007_c002,7,2,-30.965,-1281842.4702737844,3472809.385351975,1.0,outputs\polygon1\t128m_o50pct_r1m_rot\tiles\features\polygon1_r007_c002.tif,outputs\polygon1\t128m_o50pct_r1m_rot\tiles\labels\polygon1_r007_c002.tif,0,0,16384,0
polygon1_r007_c003,7,3,-30.965,-1281778.4702737844,3472809.385351975,1.0,outputs\polygon1\t128m_o50pct_r1m_rot\tiles\features\polygon1_r007_c003.tif,outputs\polygon1\t128m_o50pct_r1m_rot\tiles\labels\polygon1_r007_c003.tif,0,0,16384,0
polygon1_r007_c004,7,4,-30.965,-1281714.4702737844,3472809.385351975,1.0,outputs\polygon1\t128m_o50pct_r1m_rot\tiles\features\polygon1_r007_c004.tif,outputs\polygon1\t128m_o50pct_r1m_rot\tiles\labels\polygon1_r007_c004.tif,4,0,16380,0
polygon1_r007_c005,7,5,-30.965,-1281650.4702737844,3472809.385351975,1.0,outputs\polygon1\t128m_o50pct_r1m_rot\tiles\features\polygon1_r007_c005.tif,outputs\polygon1\t128m_o50pct_r1m_rot\tiles\labels\polygon1_r007_c005.tif,762,0,11717,3905
polygon1_r007_c006,7,6,-30.965,-1281586.4702737844,3472809.385351975,1.0,outputs\polygon1\t128m_o50pct_r1m_rot\tiles\features\polygon1_r007_c006.tif,outputs\polygon1\t128m_o50pct_r1m_rot\tiles\labels\polygon1_r007_c006.tif,772,0,11628,3984
polygon1_r007_c007,7,7,-30.965,-1281522.4702737844,3472809.385351975,1.0,outputs\polygon1\t128m_o50pct_r1m_rot\tiles\features\polygon1_r007_c007.tif,outputs\polygon1\t128m_o50pct_r1m_rot\tiles\labels\polygon1_r007_c007.tif,112,0,15266,1006
polygon1_r007_c008,7,8,-30.965,-1281458.4702737844,3472809.385351975,1.0,outputs\polygon1\t128m_o50pct_r1m_rot\tiles\features\polygon1_r007_c008.tif,outputs\polygon1\t128m_o50pct_r1m_rot\tiles\labels\polygon1_r007_c008.tif,277,6852,7259,1996
polygon1_r007_c009,7,9,-30.965,-1281394.4702737844,3472809.385351975,1.0,outputs\polygon1\t128m_o50pct_r1m_rot\tiles\features\polygon1_r007_c009.tif,outputs\polygon1\t128m_o50pct_r1m_rot\tiles\labels\polygon1_r007_c009.tif,179,15044,92,1069
polygon1_r007_c010,7,10,-30.965,-1281330.4702737844,3472809.385351975,1.0,outputs\polygon1\t128m_o50pct_r1m_rot\tiles\features\polygon1_r007_c010.tif,outputs\polygon1\t128m_o50pct_r1m_rot\tiles\labels\polygon1_r007_c010.tif,512,15776,13,83
polygon1_r007_c011,7,11,-30.965,-1281266.4702737844,3472809.385351975,1.0,outputs\polygon1\t128m_o50pct_r1m_rot\tiles\features\polygon1_r007_c011.tif,outputs\polygon1\t128m_o50pct_r1m_rot\tiles\labels\polygon1_r007_c011.tif,788,7751,7744,101
polygon1_r007_c012,7,12,-30.965,-1281202.4702737844,3472809.385351975,1.0,outputs\polygon1\t128m_o50pct_r1m_rot\tiles\features\polygon1_r007_c012.tif,outputs\polygon1\t128m_o50pct_r1m_rot\tiles\labels\polygon1_r007_c012.tif,276,167,8186,7755
polygon1_r007_c013,7,13,-30.965,-1281138.4702737844,3472809.385351975,1.0,outputs\polygon1\t128m_o50pct_r1m_rot\tiles\features\polygon1_r007_c013.tif,outputs\polygon1\t128m_o50pct_r1m_rot\tiles\labels\polygon1_r007_c013.tif,0,0,455,15929
polygon1_r008_c000,8,0,-30.965,-1281970.4702737844,3472745.385351975,0.9198,outputs\polygon1\t128m_o50pct_r1m_rot\tiles\features\polygon1_r008_c000.tif,outputs\polygon1\t128m_o50pct_r1m_rot\tiles\labels\polygon1_r008_c000.tif,1287,0,11413,3684
polygon1_r008_c001,8,1,-30.965,-1281906.4702737844,3472745.385351975,1.0,outputs\polygon1\t128m_o50pct_r1m_rot\tiles\features\polygon1_r008_c001.tif,outputs\polygon1\t128m_o50pct_r1m_rot\tiles\labels\polygon1_r008_c001.tif,0,0,16384,0
polygon1_r008_c002,8,2,-30.965,-1281842.4702737844,3472745.385351975,1.0,outputs\polygon1\t128m_o50pct_r1m_rot\tiles\features\polygon1_r008_c002.tif,outputs\polygon1\t128m_o50pct_r1m_rot\tiles\labels\polygon1_r008_c002.tif,0,0,16384,0
polygon1_r008_c003,8,3,-30.965,-1281778.4702737844,3472745.385351975,1.0,outputs\polygon1\t128m_o50pct_r1m_rot\tiles\features\polygon1_r008_c003.tif,outputs\polygon1\t128m_o50pct_r1m_rot\tiles\labels\polygon1_r008_c003.tif,0,0,16384,0
polygon1_r008_c004,8,4,-30.965,-1281714.4702737844,3472745.385351975,1.0,outputs\polygon1\t128m_o50pct_r1m_rot\tiles\features\polygon1_r008_c004.tif,outputs\polygon1\t128m_o50pct_r1m_rot\tiles\labels\polygon1_r008_c004.tif,0,0,16384,0
polygon1_r008_c005,8,5,-30.965,-1281650.4702737844,3472745.385351975,1.0,outputs\polygon1\t128m_o50pct_r1m_rot\tiles\features\polygon1_r008_c005.tif,outputs\polygon1\t128m_o50pct_r1m_rot\tiles\labels\polygon1_r008_c005.tif,1138,0,14501,745
polygon1_r008_c006,8,6,-30.965,-1281586.4702737844,3472745.385351975,1.0,outputs\polygon1\t128m_o50pct_r1m_rot\tiles\features\polygon1_r008_c006.tif,outputs\polygon1\t128m_o50pct_r1m_rot\tiles\labels\polygon1_r008_c006.tif,1358,0,14281,745
polygon1_r008_c007,8,7,-30.965,-1281522.4702737844,3472745.385351975,1.0,outputs\polygon1\t128m_o50pct_r1m_rot\tiles\features\polygon1_r008_c007.tif,outputs\polygon1\t128m_o50pct_r1m_rot\tiles\labels\polygon1_r008_c007.tif,349,0,15991,44
polygon1_r008_c008,8,8,-30.965,-1281458.4702737844,3472745.385351975,1.0,outputs\polygon1\t128m_o50pct_r1m_rot\tiles\features\polygon1_r008_c008.tif,outputs\polygon1\t128m_o50pct_r1m_rot\tiles\labels\polygon1_r008_c008.tif,1518,6248,8232,386
polygon1_r008_c009,8,9,-30.965,-1281394.4702737844,3472745.385351975,1.0,outputs\polygon1\t128m_o50pct_r1m_rot\tiles\features\polygon1_r008_c009.tif,outputs\polygon1\t128m_o50pct_r1m_rot\tiles\labels\polygon1_r008_c009.tif,1389,14440,213,342
polygon1_r008_c010,8,10,-30.965,-1281330.4702737844,3472745.385351975,1.0,outputs\polygon1\t128m_o50pct_r1m_rot\tiles\features\polygon1_r008_c010.tif,outputs\polygon1\t128m_o50pct_r1m_rot\tiles\labels\polygon1_r008_c010.tif,861,14844,13,666
polygon1_r008_c011,8,11,-30.965,-1281266.4702737844,3472745.385351975,1.0,outputs\polygon1\t128m_o50pct_r1m_rot\tiles\features\polygon1_r008_c011.tif,outputs\polygon1\t128m_o50pct_r1m_rot\tiles\labels\polygon1_r008_c011.tif,1297,6652,6685,1750
polygon1_r008_c012,8,12,-30.965,-1281202.4702737844,3472745.385351975,1.0,outputs\polygon1\t128m_o50pct_r1m_rot\tiles\features\polygon1_r008_c012.tif,outputs\polygon1\t128m_o50pct_r1m_rot\tiles\labels\polygon1_r008_c012.tif,436,0,6750,9198
polygon1_r008_c013,8,13,-30.965,-1281138.4702737844,3472745.385351975,1.0,outputs\polygon1\t128m_o50pct_r1m_rot\tiles\features\polygon1_r008_c013.tif,outputs\polygon1\t128m_o50pct_r1m_rot\tiles\labels\polygon1_r008_c013.tif,0,0,78,16306
polygon1_r009_c000,9,0,-30.965,-1281970.4702737844,3472681.385351975,0.9105,outputs\polygon1\t128m_o50pct_r1m_rot\tiles\features\polygon1_r009_c000.tif,outputs\polygon1\t128m_o50pct_r1m_rot\tiles\labels\polygon1_r009_c000.tif,1444,0,11114,3826
polygon1_r009_c001,9,1,-30.965,-1281906.4702737844,3472681.385351975,1.0,outputs\polygon1\t128m_o50pct_r1m_rot\tiles\features\polygon1_r009_c001.tif,outputs\polygon1\t128m_o50pct_r1m_rot\tiles\labels\polygon1_r009_c001.tif,0,0,16384,0
polygon1_r009_c002,9,2,-30.965,-1281842.4702737844,3472681.385351975,1.0,outputs\polygon1\t128m_o50pct_r1m_rot\tiles\features\polygon1_r009_c002.tif,outputs\polygon1\t128m_o50pct_r1m_rot\tiles\labels\polygon1_r009_c002.tif,0,0,16384,0
polygon1_r009_c003,9,3,-30.965,-1281778.4702737844,3472681.385351975,1.0,outputs\polygon1\t128m_o50pct_r1m_rot\tiles\features\polygon1_r009_c003.tif,outputs\polygon1\t128m_o50pct_r1m_rot\tiles\labels\polygon1_r009_c003.tif,0,0,16384,0
polygon1_r009_c004,9,4,-30.965,-1281714.4702737844,3472681.385351975,1.0,outputs\polygon1\t128m_o50pct_r1m_rot\tiles\features\polygon1_r009_c004.tif,outputs\polygon1\t128m_o50pct_r1m_rot\tiles\labels\polygon1_r009_c004.tif,0,0,16384,0
polygon1_r009_c005,9,5,-30.965,-1281650.4702737844,3472681.385351975,1.0,outputs\polygon1\t128m_o50pct_r1m_rot\tiles\features\polygon1_r009_c005.tif,outputs\polygon1\t128m_o50pct_r1m_rot\tiles\labels\polygon1_r009_c005.tif,496,0,15888,0
polygon1_r009_c006,9,6,-30.965,-1281586.4702737844,3472681.385351975,1.0,outputs\polygon1\t128m_o50pct_r1m_rot\tiles\features\polygon1_r009_c006.tif,outputs\polygon1\t128m_o50pct_r1m_rot\tiles\labels\polygon1_r009_c006.tif,4016,337,12031,0
polygon1_r009_c007,9,7,-30.965,-1281522.4702737844,3472681.385351975,1.0,outputs\polygon1\t128m_o50pct_r1m_rot\tiles\features\polygon1_r009_c007.tif,outputs\polygon1\t128m_o50pct_r1m_rot\tiles\labels\polygon1_r009_c007.tif,3877,513,11994,0
polygon1_r009_c008,9,8,-30.965,-1281458.4702737844,3472681.385351975,1.0,outputs\polygon1\t128m_o50pct_r1m_rot\tiles\features\polygon1_r009_c008.tif,outputs\polygon1\t128m_o50pct_r1m_rot\tiles\labels\polygon1_r009_c008.tif,3273,3684,9423,4
polygon1_r009_c009,9,9,-30.965,-1281394.4702737844,3472681.385351975,1.0,outputs\polygon1\t128m_o50pct_r1m_rot\tiles\features\polygon1_r009_c009.tif,outputs\polygon1\t128m_o50pct_r1m_rot\tiles\labels\polygon1_r009_c009.tif,2916,11700,1764,4
polygon1_r009_c010,9,10,-30.965,-1281330.4702737844,3472681.385351975,1.0,outputs\polygon1\t128m_o50pct_r1m_rot\tiles\features\polygon1_r009_c010.tif,outputs\polygon1\t128m_o50pct_r1m_rot\tiles\labels\polygon1_r009_c010.tif,403,14486,0,1495
polygon1_r009_c011,9,11,-30.965,-1281266.4702737844,3472681.385351975,1.0,outputs\polygon1\t128m_o50pct_r1m_rot\tiles\features\polygon1_r009_c011.tif,outputs\polygon1\t128m_o50pct_r1m_rot\tiles\labels\polygon1_r009_c011.tif,739,6294,3240,6111
polygon1_r009_c012,9,12,-30.965,-1281202.4702737844,3472681.385351975,1.0,outputs\polygon1\t128m_o50pct_r1m_rot\tiles\features\polygon1_r009_c012.tif,outputs\polygon1\t128m_o50pct_r1m_rot\tiles\labels\polygon1_r009_c012.tif,336,0,3240,12808
polygon1_r009_c013,9,13,-30.965,-1281138.4702737844,3472681.385351975,1.0,outputs\polygon1\t128m_o50pct_r1m_rot\tiles\features\polygon1_r009_c013.tif,outputs\polygon1\t128m_o50pct_r1m_rot\tiles\labels\polygon1_r009_c013.tif,0,0,0,16384
polygon1_r010_c000,10,0,-30.965,-1281970.4702737844,3472617.385351975,0.9008,outputs\polygon1\t128m_o50pct_r1m_rot\tiles\features\polygon1_r010_c000.tif,outputs\polygon1\t128m_o50pct_r1m_rot\tiles\labels\polygon1_r010_c000.tif,1602,0,10437,4345
polygon1_r010_c001,10,1,-30.965,-1281906.4702737844,3472617.385351975,1.0,outputs\polygon1\t128m_o50pct_r1m_rot\tiles\features\polygon1_r010_c001.tif,outputs\polygon1\t128m_o50pct_r1m_rot\tiles\labels\polygon1_r010_c001.tif,0,0,15540,844
polygon1_r010_c002,10,2,-30.965,-1281842.4702737844,3472617.385351975,1.0,outputs\polygon1\t128m_o50pct_r1m_rot\tiles\features\polygon1_r010_c002.tif,outputs\polygon1\t128m_o50pct_r1m_rot\tiles\labels\polygon1_r010_c002.tif,41,0,11878,4465
polygon1_r010_c003,10,3,-30.965,-1281778.4702737844,3472617.385351975,1.0,outputs\polygon1\t128m_o50pct_r1m_rot\tiles\features\polygon1_r010_c003.tif,outputs\polygon1\t128m_o50pct_r1m_rot\tiles\labels\polygon1_r010_c003.tif,76,0,10516,5792
polygon1_r010_c004,10,4,-30.965,-1281714.4702737844,3472617.385351975,1.0,outputs\polygon1\t128m_o50pct_r1m_rot\tiles\features\polygon1_r010_c004.tif,outputs\polygon1\t128m_o50pct_r1m_rot\tiles\labels\polygon1_r010_c004.tif,82,0,13777,2525
polygon1_r010_c005,10,5,-30.965,-1281650.4702737844,3472617.385351975,1.0,outputs\polygon1\t128m_o50pct_r1m_rot\tiles\features\polygon1_r010_c005.tif,outputs\polygon1\t128m_o50pct_r1m_rot\tiles\labels\polygon1_r010_c005.tif,101,0,15926,357
polygon1_r010_c006,10,6,-30.965,-1281586.4702737844,3472617.385351975,1.0,outputs\polygon1\t128m_o50pct_r1m_rot\tiles\features\polygon1_r010_c006.tif,outputs\polygon1\t128m_o50pct_r1m_rot\tiles\labels\polygon1_r010_c006.tif,3514,1004,9445,2421
polygon1_r010_c007,10,7,-30.965,-1281522.4702737844,3472617.385351975,1.0,outputs\polygon1\t128m_o50pct_r1m_rot\tiles\features\polygon1_r010_c007.tif,outputs\polygon1\t128m_o50pct_r1m_rot\tiles\labels\polygon1_r010_c007.tif,3688,1216,9045,2435
polygon1_r010_c008,10,8,-30.965,-1281458.4702737844,3472617.385351975,1.0,outputs\polygon1\t128m_o50pct_r1m_rot\tiles\features\polygon1_r010_c008.tif,outputs\polygon1\t128m_o50pct_r1m_rot\tiles\labels\polygon1_r010_c008.tif,2063,2965,11341,15
polygon1_r010_c009,10,9,-30.965,-1281394.4702737844,3472617.385351975,1.0,outputs\polygon1\t128m_o50pct_r1m_rot\tiles\features\polygon1_r010_c009.tif,outputs\polygon1\t128m_o50pct_r1m_rot\tiles\labels\polygon1_r010_c009.tif,1835,10945,3604,0
polygon1_r010_c010,10,10,-30.965,-1281330.4702737844,3472617.385351975,1.0,outputs\polygon1\t128m_o50pct_r1m_rot\tiles\features\polygon1_r010_c010.tif,outputs\polygon1\t128m_o50pct_r1m_rot\tiles\labels\polygon1_r010_c010.tif,185,13329,0,2870
polygon1_r010_c011,10,11,-30.965,-1281266.4702737844,3472617.385351975,1.0,outputs\polygon1\t128m_o50pct_r1m_rot\tiles\features\polygon1_r010_c011.tif,outputs\polygon1\t128m_o50pct_r1m_rot\tiles\labels\polygon1_r010_c011.tif,214,5137,517,10516
polygon1_r010_c012,10,12,-30.965,-1281202.4702737844,3472617.385351975,1.0,outputs\polygon1\t128m_o50pct_r1m_rot\tiles\features\polygon1_r010_c012.tif,outputs\polygon1\t128m_o50pct_r1m_rot\tiles\labels\polygon1_r010_c012.tif,29,0,517,15838
polygon1_r010_c013,10,13,-30.965,-1281138.4702737844,3472617.385351975,1.0,outputs\polygon1\t128m_o50pct_r1m_rot\tiles\features\polygon1_r010_c013.tif,outputs\polygon1\t128m_o50pct_r1m_rot\tiles\labels\polygon1_r010_c013.tif,0,0,0,16384
